{
    "bitcoin": 33557.150683,
    "ripple": 0.87576,
    "tether": 1.002423,
    "dogecoin": 0.327442,
    "ethereum": 2528.022301,
    "litecoin": 161.016851,
    "cardano": 1.58141,
    "polkadot": 21.865194,
    "bitcoin-cash": 597.965949,
    "binancecoin": 353.7624,
    "stellar": 0.351863,
    "chainlink": 24.170975
    }