{
"dogecoin": 0.344502,
"ripple": 0.911214,
"ethereum": 2620.625389,
"bitcoin": 37553.643759,
"tether": 1.001749
}