{
"bitcoin": 33557.15068309184,
"ripple": 0.8757601965321159,
"tether": 1.0024226284773852,
"dogecoin": 0.3274420365070619,
"ethereum": 2528.022300878691,
"litecoin": 161.01685097358848,
"cardano": 1.5814104630520178,
"polkadot": 21.865193511951766,
"bitcoin-cash": 597.9659488999873,
"binancecoin": 353.7624004673745,
"stellar": 0.3518628588215955,
"chainlink": 24.170975215614455
}