{
"celsius-degree-token": 7.2136,
"litecoin": 168.000725,
"eos": 5.082528,
"kusama": 474.220178,
"filecoin": 73.846756,
"klay-token": 1.057324,
"uniswap": 23.56208,
"ethereum": 2486.600069,
"internet-computer": 66.498709,
"wrapped-bitcoin": 36691.629056,
"cdai": 0.021493,
"compound-usd-coin": 0.022024,
"crypto-com-chain": 0.117558,
"algorand": 1.03437,
"compound-ether": 49.828867,
"theta-fuel": 0.529788,
"cosmos": 12.82426,
"ripple": 0.874816,
"monero": 255.338777,
"pancakeswap-token": 16.828119,
"avalanche-2": 14.197481,
"polkadot": 22.680029,
"theta-token": 8.816698,
"tron": 0.072708,
"dai": 1.004294,
"solana": 41.205961,
"maker": 3114.929251,
"dogecoin": 0.32943,
"binance-usd": 1.000552,
"binancecoin": 352.391879,
"matic-network": 1.36394,
"vechain": 0.112507,
"tezos": 3.269087,
"cardano": 1.531968,
"usd-coin": 1.000655,
"ethereum-classic": 57.998339,
"tether": 1.003981,
"stellar": 0.340711,
"bitcoin-cash": 601.565249,
"okb": 14.286776,
"amp-token": 0.070743,
"neo": 50.555489,
"shiba-inu": 7e-06,
"bitcoin": 36903.304907,
"iota": 1.108169,
"huobi-token": 14.456671,
"chainlink": 23.103305
}