{
"bitcoin": 36903.304907,
"ethereum": 2486.600069,
"ripple": 0.874816
}