{
"bitcoin": 36903.304907,
"ethereum": 2486.600069,
"ripple": 0.874816,
"okb": 14.286776,
"huobi-token": 14.456671,
"terrausd": 0.997127,
"decred": 137.069563,
"binancecoin": 352.391879,
"uniswap": 23.56208,
"filecoin": 73.846756,
"amp-token": 0.070743,
"pirate-chain": 4.888114,
"bancor": 4.029258,
"ftx-token": 32.607087,
"klay-token": 1.057324,
"vechain": 0.112507,
"near": 2.98507,
"cardano": 1.531968,
"true-usd": 0.996135,
"crypto-com-chain": 0.117558,
"aave": 312.178381,
"dai": 1.004294,
"usd-coin": 1.000655,
"cdai": 0.021493,
"theta-fuel": 0.529788,
"monero": 255.338777,
"polkadot": 22.680029,
"theta-token": 8.816698,
"bitcoin-cash": 601.565249,
"tezos": 3.269087,
"tether": 1.003981,
"iota": 1.108169,
"matic-network": 1.36394,
"algorand": 1.03437,
"solana": 41.205961,
"maker": 3114.929251,
"binance-usd": 1.000552,
"neo": 50.555489,
"ethereum-classic": 57.998339,
"wrapped-bitcoin": 36691.629056,
"bitcoin-cash-sv": 165.536986,
"compound-ether": 49.828867,
"litecoin": 168.000725,
"kusama": 474.220178,
"celsius-degree-token": 7.2136,
"internet-computer": 66.498709,
"eos": 5.082528
}